<?xml version="1.0" encoding="UTF-8" standalone="yes"?>
<addon id="repository.acestream-channels" name="[COLOR FF00FFFF]Gunter25 Addons[/COLOR]" version="1.0.0" provider-name="Gunter25">
    <extension point="xbmc.addon.repository" name="Gunter25 Addons">
        <dir>
            <info compressed="false">https://raw.githubusercontent.com/Hparlon6/repository.acestream-channels/main/addons.xml</info>
            <checksum>https://raw.githubusercontent.com/Hparlon6/repository.acestream-channels/main/addons.xml.md5</checksum>
            <datadir zip="true">https://raw.githubusercontent.com/Hparlon6/repository.acestream-channels/main/repo/</datadir>
        </dir>
    </extension>
    <extension point="xbmc.addon.metadata">
        <summary>Repositorio oficial de addons de Gunter25</summary>
        <description>
            Este repositorio contiene los addons creados y mantenidos por Gunter25.
        </description>
        <platform>all</platform>
        <assets>
            <icon>icon.png</icon>
        </assets>
    </extension>
</addon>
